{
  "final_eigenstate": 0.7390845495752126,
  "convergence_steps": 34,
  "final_delta": 9.767867118481988e-07,
  "convergence_achieved": true
}